{
  "development": {
    "note": "Out of the box, the predix-seed app uses mock data, so these values are not required.  Set these values for connecting to real Predix services.",
    "clientId": "predix_client_analytics",
    "uaaURL": "https://b8cd314d-cb91-4fd0-90e0-1e1373012c01.predix-uaa.run.aws-usw02-pr.ice.predix.io",
    "base64ClientCredential": "cHJlZGl4X2NsaWVudF9hbmFseXRpY3M6SU1fU09fU0VDUkVU",
    "appURL": "http://localhost:5000",
    "timeseriesURL": "{Time Series URL from VCAPS}",
    "timeseriesZoneId": "{The Zone ID for the Timeseries Service Created}",
    "assetURL": "https://predix-asset.run.aws-usw02-pr.ice.predix.io",
    "assetZoneId": "a765606c-3e36-4264-9c2c-de2058e2109e",
    "windServiceURL": "{URL of the microservice <your-name>-winddata-timeseries-service}, e.g.  https://your-name-winddata-timeseries-service.run.asw-usw02-pr.predix.io",
    "logoutUrl": ""
  }
}

